Time,NoBlobs,Evolution_time,Circulation
0.02,3177,0.5253571770008421,1.0000000002071998
0.04,3175,0.08880926099845965,0.9999999991399406
0.06,3175,0.08419916900129465,1.0000000004670853
0.08,3175,0.08148697300021013,1.0000000018875992
0.1,3169,0.08114707300046575,1.000000004804002
0.12,3169,0.08456296700023813,1.000000004113449
0.14,3169,0.08115117300076236,1.0000000060677727
0.16,3165,0.08468156799972348,1.000000004098854
0.18,3183,0.08389786899897445,1.0000000039295183
0.2,3196,0.08292526999866823,1.0000000030731657
0.22,3205,0.09834374599995499,1.0000000033820449
0.24,3221,0.11091612599921064,1.0000000035275534
0.26,3230,0.12122401099986746,1.0000000046707538
0.28,3245,0.11413332099982654,1.0000000061952934
0.3,3262,0.11281332299950009,1.0000000068678627
0.32,3286,0.1149587200015958,1.0000000049806637
0.34,3311,0.11467841999910888,1.000000004399664
0.36,3342,0.11707721700076945,1.0000000034725398
0.38,3361,0.12260710800001107,1.0000000015947927
0.4,3381,0.11995861299874377,1.0000000007823853
0.42,3407,0.0991770450000331,1.0000000035752281
0.44,3434,0.09509915199851093,1.0000000028135543
0.46,3459,0.1001746429992636,1.0000000026099671
0.48,3485,0.09831564600062848,1.0000000005696863
0.5,3509,0.10451953700066952,1.0000000033821066
0.52,3547,0.10366673799944692,1.0000000019087538
0.54,3585,0.10050934200080519,1.000000000551216
0.56,3613,0.10499443499975314,1.000000001085814
0.58,3632,0.10371163800118666,0.9999999988584776
0.6,3668,0.11078772699875117,1.0000000008688001
0.62,3693,0.10895692999838502,1.0000000007766685
0.64,3730,0.13081609600158117,1.0000000030137879
0.66,3753,0.13670088599974406,1.000000004291032
0.68,3779,0.12254170900087047,1.000000003683153
0.7000000000000001,3813,0.12694040099995618,1.0000000020585982
0.72,3838,0.12474550499973702,1.000000002208504
0.74,3870,0.12512300399976084,1.0000000035885217
0.76,3911,0.14033487999950012,1.0000000062191818
0.78,3933,0.14104977900024096,1.000000006494663
0.8,3966,0.1456019719989854,1.0000000065192465
0.8200000000000001,3999,0.12659430200073984,1.0000000082275733
0.84,4027,0.1322486930002924,1.0000000082345575
0.86,4053,0.12566730400067172,1.0000000102017594
0.88,4074,0.13022199599981832,1.0000000087549397
0.9,4090,0.12539830400055507,1.0000000085600425
0.92,4122,0.12642241499997908,1.0000000112456258
0.9400000000000001,4156,0.13356716799899004,1.000000009717076
0.96,4200,0.13383299500128487,1.0000000075055488
0.98,4226,0.1341322799999034,1.000000007150581
1.0,4257,0.13340246900042985,1.0000000074924824
1.02,4287,0.13507609499902173,1.0000000068684467
1.04,4311,0.13455298600092647,1.0000000063508743
1.06,4332,0.13397677700049826,1.0000000040467538
1.08,4364,0.13453028600088146,1.0000000023555295
1.1,4383,0.1367839209997328,1.0000000023230902
1.12,4406,0.13652941700092924,1.0000000023125706
1.1400000000000001,4436,0.13865435000116122,1.0000000044695336
1.16,4462,0.15881076299956476,1.0000000049809907
1.18,4480,0.16005618199960736,1.0000000030821297
1.2,4524,0.15617402200041397,1.0000000027648672
1.22,4557,0.17360739200012176,1.0000000056600058
1.24,4577,0.17607503100043687,1.0000000081125977
1.26,4602,0.17981138799950713,1.000000009637981
1.28,4619,0.17221947100006219,1.0000000092744705
1.3,4640,0.16129490200000873,1.0000000077822646
1.32,4670,0.16131590099939785,1.0000000062625687
1.34,4690,0.1687089160004689,1.0000000084822263
1.36,4710,0.1723147720003908,1.0000000091457553
1.3800000000000001,4737,0.17511651600034384,1.0000000087590033
1.4000000000000001,4765,0.16762930000004417,1.0000000085763587
1.42,4797,0.20610629600014363,1.0000000073204616
1.44,4841,0.385652779999873,1.0000000073185833
1.46,4864,0.4295077599999786,1.0000000077288922
1.48,4889,0.2050102789999073,1.000000006999441
1.5,4905,0.18065780100005213,1.0000000077327709
1.52,4927,0.1679916039993259,1.0000000061316163
1.54,4950,0.16577407099975972,1.0000000058000122
1.56,4977,0.16750529700038896,1.0000000075778808
1.58,5003,0.17400379799983057,1.0000000076230213
1.6,5025,0.17527291800070088,1.000000008232043
1.62,5059,0.1816702170017379,1.0000000090016483
1.6400000000000001,5075,0.19066085600024962,1.0000000104334286
1.6600000000000001,5089,0.19189317500058678,1.0000000124768966
1.68,5101,0.18839022099928115,1.0000000137721456
1.7,5116,0.1930204929994943,1.0000000138538776
1.72,5129,0.19904558700000052,1.000000015554895
1.74,5162,0.19955689400012488,1.000000016879354
1.76,5190,0.18870342599984724,1.0000000154054645
1.78,5206,0.19119116500041855,1.0000000125347606
1.8,5223,0.19791116899978078,1.0000000110486609
1.82,5242,0.19408080900029745,1.0000000096727768
1.84,5269,0.1922284899992519,1.0000000106127804
1.86,5289,0.19524382800045714,1.0000000093775916
1.8800000000000001,5307,0.1942986039994139,1.0000000084526812
1.9000000000000001,5328,0.1962805559996923,1.0000000060526677
1.92,5352,0.1972882820009545,1.0000000079031985
1.94,5366,0.197799796000254,1.000000009659195
1.96,5386,0.19636605699997745,1.0000000085688439
1.98,5399,0.21856684099839185,1.0000000082481713
2.0,5410,0.22383027900104935,1.0000000069400867
2.02,5422,0.37771252099992125,1.0000000074788762
2.04,5448,0.22211413500008348,1.0000000097561055
2.06,5478,0.20168009699955292,1.000000009654172
2.08,5500,0.20456957399983366,1.000000009714447
2.1,5516,0.20066647099883994,1.0000000101987836
2.12,5530,0.20711044000017864,1.000000008256376
2.14,5550,0.20534029400005238,1.000000007911192
2.16,5562,0.22420528900147474,1.0000000064016856
2.18,5586,0.23091926499910187,1.00000000666796
2.2,5607,0.22572222799863084,1.0000000073321313
2.22,5619,0.2293720249999751,1.0000000070561084
2.24,5641,0.24255387100129155,1.0000000084811722
2.2600000000000002,5663,0.22365527399961138,1.0000000090235674
2.2800000000000002,5682,0.20123558600062097,1.0000101809047703
2.3000000000000003,5699,0.21318439999959082,1.000010182999286
2.32,5724,0.21073363499999687,1.000010182540212
2.34,5746,0.20864948100097536,1.000010181964074
2.36,5772,0.20722314300110156,1.0000101810202737
2.38,5790,0.23873366999941936,1.0000101821694187
2.4,5817,0.23551926799882494,1.0000101807010537
2.42,5832,0.24146245700103464,1.000010181011958
2.44,5857,0.24053765000098792,1.0000101819876381
2.46,5886,0.26478042700000515,1.000010181126318
2.48,5910,0.2592662859988195,1.0000101813133426
2.5,5930,0.2663113369999337,1.0000101810103785
2.52,5950,0.2685605479982769,1.000010181034116
2.54,5964,0.2649939009988884,1.00001017994278
2.56,5982,0.24135733200091636,1.0000101808681816
2.58,6001,0.24234473800061096,1.0000101825232661
2.6,6015,0.24493805700149096,1.0000101846197929
2.62,6032,0.23806620800132805,1.0000101834632709
2.64,6049,0.2515530040000158,1.00001018319222
2.66,6061,0.26798072199926537,1.0000101836605184
2.68,6089,0.2527269130005152,1.0000101833896635
2.7,6108,0.2548449280002387,1.0000101841741316
2.72,6127,0.25988516399957007,1.0000101847421448
2.74,6158,0.26206728000033763,1.000010185180446
2.7600000000000002,6177,0.27974690700102656,1.000010185669852
2.7800000000000002,6199,0.2700788369984366,1.0000101860790578
2.8000000000000003,6221,0.2677875209992635,1.0000101852997454
2.82,6237,0.2900162799996906,1.000010187359623
2.84,6248,0.28325563199905446,1.0000101859316617
2.86,6282,0.27830399599952216,1.0000101831561636
2.88,6302,0.31588176600052975,1.0000101833164212
2.9,6316,0.2907888860008825,1.0000101831647163
2.92,6330,0.28585744999872986,1.000010183760214
2.94,6344,0.29014398099934624,1.0000101863981516
2.96,6374,0.28195972299909045,1.00001018665021
2.98,6383,0.2791327020004246,1.000010187997809
3.0,6402,0.2702193380009703,1.000010188769329
3.02,6423,0.28261882699916896,1.00001019054715
3.04,6432,0.2806369129993982,1.0000101905122942
3.06,6450,0.2750524729999597,1.0000101912573347
3.08,6461,0.27598677899914037,1.000010188997212
3.1,6478,0.281222917001287,1.0000101882631087
3.12,6489,0.2830087790007383,1.00001018753852
3.14,6514,0.27704669200102217,1.0000101864616702
3.16,6529,0.2977769860008266,1.0000101834506996
3.18,6552,0.32820417099901533,1.0000101823252527
3.2,6568,0.32669885699942824,1.000010182432009
3.22,6583,0.29898239799877047,1.0000101825931411
3.24,6595,0.28028232299948286,1.0000101820430711
3.2600000000000002,6598,0.28022072299972933,1.0000101828070322
3.2800000000000002,6608,0.2827920470008394,1.0000101836053004
3.3000000000000003,6631,0.28284764799900586,1.000010183783941
3.3200000000000003,6645,0.2830147479999141,1.0000101835413744
3.34,6657,0.28203123999992386,1.0000101859979658
3.36,6673,0.30555685899889795,1.0000101852350465
3.38,6697,0.30650226900070265,1.0000101846122353
3.4,6727,0.3065594689996942,1.0000101828026864
3.42,6760,0.2890962049987138,1.000010183017945
3.44,6774,0.284507461999965,1.0000101809238064
3.46,6794,0.3241819340000802,1.0000101800468602
3.48,6816,0.3245162380007969,1.0000101797799061
3.5,6838,0.3112548129993229,1.0000101805021284
3.52,6850,0.3240046320006513,1.0000101812151854
3.54,6870,0.31529985099950864,1.0000101811563102
3.56,6901,0.3340171260006173,1.0000101816389415
3.58,6918,0.3163939610003581,1.0000101796721348
3.6,6934,0.31558235400007106,1.000010180844166
3.62,6957,0.3267830580007285,1.0000101832427113
3.64,6968,0.31849914899976284,1.0000101825500698
3.66,6986,0.31433939799899235,1.0000101838295037
3.68,6996,0.32078408100096567,1.0000101849399834
3.7,7006,0.3194071639991307,1.0000101867637272
3.72,7020,0.31498770600046555,1.000010187618214
3.74,7044,0.3194681650002167,1.00001018761766
3.7600000000000002,7049,0.3773772189997544,1.000010186348959
3.7800000000000002,7063,0.6656820770003833,1.0000101861367747
3.8000000000000003,7093,0.35061497000060626,1.0000101863336601
3.8200000000000003,7106,0.3343931590006832,1.0000101846223473
3.84,7121,0.3248541339999065,1.000010182393225
3.86,7145,0.3240734240007441,1.0000101828309427
3.88,7161,0.35952678699868557,1.000010184106452
3.9,7178,0.66155792400059,1.0000101853202874
3.92,7195,0.35364890999881027,1.0000101875659657
3.94,7216,0.3546704230011528,1.000010186004768
3.96,7237,0.3291858920001687,1.0000101864941655
3.98,7258,0.33183322500008217,1.0000101859876291
4.0,7281,0.35408171500057506,1.0000101872929952
4.0200000000000005,7301,0.6157018260000768,1.0000101884676458
4.04,7316,0.34706571199967584,1.0000101893289408
4.0600000000000005,7325,0.35185733099933714,1.000010189779581
4.08,7352,0.36714392399881035,1.0000101918592939
4.1,7365,0.36599940999985847,1.0000101924135436
4.12,7381,0.38713277600072615,0.9999880729173868
4.14,7396,0.35730160000093747,0.9999880720169255
4.16,7411,0.35177313100030005,0.9999880705880762
4.18,7427,0.3612194500001351,0.9999880696884691
4.2,7437,0.35473016800096957,0.9999880687263323
4.22,7462,0.3976585079999495,0.9999880682148307
4.24,7477,0.39138382999954047,0.9999880686676124
4.26,7485,0.3809089970000059,0.9999880705901624
4.28,7505,0.3578431070000079,0.9999880697185931
4.3,7516,0.34546815100111417,0.9999880689594534
4.32,7533,0.34195320700018783,0.9999880698674573
4.34,7551,0.3897462090008048,0.999988072158841
4.36,7564,0.37257169199983764,0.9999880724649969
4.38,7573,0.4022207649995835,0.9999880712003693
4.4,7593,0.3746821189997718,0.999988072186851
4.42,7611,0.3719085840002663,0.9999880745007101
4.44,7623,0.3763252400003694,0.9999880745079781
4.46,7628,0.39787399700071546,0.9999880739985691
4.48,7637,0.6072281029992155,0.9999880746235006
4.5,7660,0.39347301899942977,0.9999880736250237
4.5200000000000005,7671,0.3877618610003992,0.9999880735734438
4.54,7684,0.3967577530002018,0.9999880760476461
4.5600000000000005,7710,0.39013958500072476,0.9999880747815113
4.58,7734,0.3765716460002295,0.9999880742374195
4.6000000000000005,7753,0.37409152100008214,0.9999880750190713
4.62,7767,0.37862856799984,0.9999880741726307
4.64,7779,0.37926027399953455,0.9999880756685786
4.66,7798,0.3716337959995144,0.9999880751737402
4.68,7820,0.3757081380008458,0.9999880738841123
4.7,7831,0.4195904859989241,0.9999880735030726
4.72,7849,0.6300290350009163,0.999988074384926
4.74,7869,0.4087854760000482,0.9999880750147125
4.76,7878,0.4243055339993589,0.9999880743829129
4.78,7897,0.6535168760001397,0.999988076641178
4.8,7923,0.38202500300030806,0.9999880771298421
4.82,7937,0.3804749859991716,0.9999880769554592
4.84,7954,0.3901779259995237,0.9999880760630802
4.86,7965,0.38555363299929013,0.999988076531444
4.88,7995,0.3892974720001803,0.9999880772303287
4.9,8024,0.38630164099959075,0.9999880785694526
4.92,8040,0.394367124999917,0.9999880799067471
4.94,8053,0.38317250900036015,0.9999880792790192
4.96,8058,0.40549894200012204,0.9999880810803887
4.98,8061,0.4126751170006173,0.9999880838517061
5.0,6422,2.4507870369998273,0.999988083088576
5.0200000000000005,6417,0.530015344000276,0.9999880834090904
5.04,6416,0.29103174500050955,0.9999880825415277
5.0600000000000005,6414,0.2761256880003202,0.9999880823988047
5.08,6415,0.2822287529997993,0.9999880844886067
5.1000000000000005,6411,0.27092603399978543,0.9999880825555848
5.12,6411,0.29233635799937474,0.9999880831608683
5.14,6412,0.2919885539995448,0.9999880825958982
5.16,6410,0.2942166779994295,0.9999880844673313
5.18,6417,0.30060815599972557,0.9999880830884185
5.2,6418,0.2909298150007089,0.9999880824874356
5.22,6425,0.2931045389996143,0.9999880819437654
5.24,6427,0.28874578999966616,0.9999880834958059
5.26,6428,0.2976489890006633,0.9999880819770595
5.28,6432,0.27821237399984966,0.9999880816185336
5.3,6444,0.286575965999873,0.999988081693136
5.32,6448,0.27189000399994256,0.9999880818918288
5.34,6463,0.27543774399964605,0.9999880822524794
5.36,6477,0.30049782000060077,0.9999880836299685
5.38,6495,0.2961502729995118,0.9999880842629549
5.4,6525,0.2990312050005741,0.9999880826109524
5.42,6546,0.31064253200020175,0.9999880819378036
5.44,6569,0.28689497000050324,0.9999880816611126
5.46,6601,0.2960231710003427,0.9999880833499613
5.48,6627,0.2922235290006938,0.9999880838897052
5.5,6648,0.29918160600027477,0.9999880842525528
5.5200000000000005,6675,0.3207110429993918,0.9999880858853508
5.54,6689,0.48070261199973174,0.9999880856471752
5.5600000000000005,6715,0.3297383429999172,0.9999880846678579
5.58,6738,0.3125116529990919,0.9999880833901689
5.6000000000000005,6759,0.300964626001587,0.9999880828864761
5.62,6776,0.3030552489999536,0.9999880837283877
5.64,6802,0.2901635060006811,0.9999880856845313
5.66,6818,0.32861253100054455,0.9999880849472784
5.68,6836,0.3199060349998035,0.9999880836517266
5.7,6860,0.3380854509996425,0.9999880835628902
5.72,6885,0.3135175919996982,0.9999880842718848
5.74,6917,0.31929975599996396,0.9999880848043851
5.76,6941,0.3101326539999718,0.9999880871411764
5.78,6967,0.32611853200069163,0.9999880890608724
5.8,6979,0.3375317579993862,0.9999880885980453
5.82,7001,0.35531425699991814,0.9999880871471902
5.84,7027,0.34366022699941823,0.9999880885289116
5.86,7059,0.3408426950009016,0.9999880877332334
5.88,7075,0.34896448499966937,0.9999880884315411
5.9,7093,0.35103000900016923,0.9999880900426307
5.92,7110,0.35159231499892485,0.9999880894105511
5.94,7140,0.3427250160002586,0.9999880893255804
5.96,7162,0.3521235210009763,0.9999880897177199
5.98,7195,0.3575882820005063,0.9999880900109495
6.0,7225,0.37066452799990657,0.9999880936929203
6.0200000000000005,7256,0.5666389090001758,0.9999880940758571
6.04,7287,0.346749661001013,0.9999880957011834
6.0600000000000005,7311,0.33187469500080624,0.9999880982485043
6.08,7332,0.33663994900052785,0.9999880986825791
6.1000000000000005,7345,0.36755179300052987,0.9999880997727832
6.12,7369,0.3659049210000376,0.9999880986616401
6.140000000000001,7390,0.37278955900001165,0.9999880985391014
6.16,7412,0.3458173729995906,0.9999880977055104
6.18,7425,0.34465986100076407,0.9999880989141776
6.2,7457,0.3536230549998436,0.9999881007124294
6.22,7499,0.38026353900022514,0.9999881009971687
6.24,7523,0.3810356470003171,0.9999881010627756
6.26,7547,0.3998590459996194,0.9999880991991128
6.28,7565,0.5372300060007547,0.9999880982487488
6.3,7591,0.3715819469998678,0.9999881003283191
6.32,7619,0.3767446010006097,0.9999881008513614
6.34,7650,0.39705701700040663,0.9999881037204376
6.36,7675,0.39364188100080355,0.9999881040915569
6.38,7688,0.3863998039996659,0.9999881046508494
6.4,7713,0.3837096749994089,0.9999881054755835
6.42,7744,0.393063274999804,0.9999881068145947
6.44,7766,0.38034393900124996,0.9999881059765567
6.46,7796,0.42370499999924505,0.9999881061165352
6.48,7816,0.41616201999931945,0.9999881069608383
6.5,7846,0.4316531849999592,0.9999881077587377
6.5200000000000005,7882,0.7130546949993004,0.9999881066587326
6.54,7901,0.4034538870000688,0.9999881071631221
6.5600000000000005,7925,0.4357113770001888,0.9999881052822814
6.58,7956,0.7104723049997119,0.9999881050920512
6.6000000000000005,7983,0.6212140240004373,0.9999881072580293
6.62,8015,0.41972438400080136,0.9999881060857255
6.640000000000001,8049,0.4447712869987299,0.9999881054988538
6.66,8071,0.4248849470004643,0.9999881051664399
6.68,8097,0.4410244420014351,0.999988105146576
6.7,8123,0.43788600399966526,0.9999881046568686
6.72,8151,0.4102200689994788,0.999988104627539
6.74,8168,0.4094866599989473,0.99998810444427
6.76,8192,0.4472032159992523,0.9999881056905096
6.78,8219,0.42720797400033916,0.9999881077730721
6.8,8238,0.4629683080001996,0.9999881052853901
6.82,8264,0.4565566290002607,0.9999881045838184
6.84,8288,0.4421406550009124,0.9999881035576024
6.86,8305,0.43728274000022793,0.9999881035256118
6.88,8326,0.4646185140009038,0.9999881023671149
6.9,8349,0.4507296400006453,0.9999881013270182
6.92,8369,0.4520760569994309,0.9999880990234297
6.94,8396,0.5164839640001446,0.9999880996899313
6.96,8426,0.704729020000741,0.9999881009968886
6.98,8450,0.4877833049995388,0.9999881010797058
7.0,8482,0.45827513499898487,0.9999880984316479
7.0200000000000005,8504,0.4654493250000087,0.999988097983399
7.04,8526,0.4651157210009842,0.9999880971389136
7.0600000000000005,8553,0.4722971110004437,0.99998809703065
7.08,8576,0.4664904379988002,0.9999880959596231
7.1000000000000005,8604,0.46406210800159897,0.99998809530649
7.12,8631,0.4751844459988206,0.9999880963572577
7.140000000000001,8655,0.5184738879997894,0.999988096523994
7.16,8689,0.8116672579999431,0.999988096103316
7.18,8728,0.5274934869994468,0.9999880961818982
7.2,8743,0.8151251950002916,0.9999880952853649
7.22,8752,0.4983615609999106,0.9999880962763599
7.24,8773,0.4838158980001026,0.9999880953887543
7.26,8783,0.5165791640010866,0.9999880940487125
7.28,8812,0.5070653570001014,0.9999880933317549
7.3,8838,0.4739116879991343,0.9999880940381642
7.32,8856,0.4709612549995654,0.9999880940992462
7.34,8875,0.4717128629999934,0.9999880942723128
7.36,8908,0.5211843159995624,0.999988095727809
7.38,8934,0.7336663860005501,0.9999880952615225
7.4,8972,0.5299961139990046,0.9999880953498149
7.42,8991,0.5266977760002192,0.9999880952528132
7.44,9005,0.5179770790000475,0.9999880940624614
7.46,9028,0.5264554740006133,0.9999880934941998
7.48,9046,0.732199201000185,0.9999880929735296
7.5,9069,0.4996252020009706,0.9999880924495256
7.5200000000000005,9096,0.5170123099996999,0.9999880924050993
7.54,9127,0.5099506660008046,0.999988090429186
7.5600000000000005,9143,0.4983116940002219,0.9999880894582054
7.58,9161,0.49318796199986537,0.9999880864779029
7.6000000000000005,9187,0.49821189300018887,0.9999880854024706
7.62,9211,0.5272471740008768,0.999988083652336
7.640000000000001,9237,0.5310193969999091,0.9999880835595336
7.66,9247,0.5927945800012822,0.9999880838546492
7.68,9273,0.7432742140008486,0.999988082716199
7.7,9285,0.5432100720008748,0.9999880814337523
7.72,9296,0.5744192660004046,0.9999880810042681
7.74,9312,0.728790225000921,0.9999880805335791
7.76,9339,0.5226786769999308,0.999988082367328
7.78,9362,0.5262812569999369,0.9999880824707277
7.8,9382,0.5505722460002289,0.9999880827967303
7.82,9398,0.5358032709991676,0.9999880836107742
7.84,9429,0.5441649700005655,0.9999880838625625
7.86,9447,0.5550695000001724,0.9999880820660639
7.88,9476,0.5793780889998743,0.9999880843101089
7.9,9504,0.5954390799997782,0.9999880847690377
7.92,9527,0.5970642989996122,0.9999880844718015
7.94,9549,0.6230620080004883,0.9999880850535428
7.96,9566,0.5534866810012318,0.9999880867688828
7.98,9596,0.5666145369996229,0.9999880862132131
8.0,9619,0.564075406999109,0.9999880859058384
8.02,9634,0.7539244989984581,0.9999880848560906
8.040000000000001,9660,0.579785505999098,0.9999880846274236
8.06,9680,0.5793556009994063,0.9999880843138897
8.08,9699,0.5503488750000542,0.9999880849176727
8.1,9718,0.5548625259998516,0.9999880840781847
8.120000000000001,9727,0.5598132810009702,0.9999880825601657
8.14,9741,0.5654761450005026,0.9999880818179501
8.16,9757,0.5965663950009912,0.9999880816663642
8.18,9777,0.5939256649999152,0.9999880820454699
8.2,9797,0.6044411820003006,0.9999880818486131
8.22,9815,0.5992874250005116,0.9999880816564815
8.24,9836,0.6062306020012329,0.9999880816936433
8.26,9858,0.6005075390003185,0.9999880809538542
8.28,9872,0.6125506740008859,0.9999880801160068
8.3,9891,0.614052900000388,0.9999880811428665
8.32,9908,0.6056000029984716,0.9999880802586162
8.34,9923,0.6062952100000985,0.9999880790589389
8.36,9941,0.5995991509989835,0.9999880793835876
8.38,9963,0.6089215329993749,0.9999880790910842
8.4,9986,0.6302127190010651,0.9999880799667091
8.42,10007,0.655102237000392,0.9999880783216077
8.44,10025,0.6440750410001783,0.9999880766907728
8.46,10043,0.6425055260006047,0.9999880765164144
8.48,10057,0.6404548090013122,0.9999880767396426
8.5,10081,0.6538010259992006,0.9999880775389282
8.52,10100,0.9466549909993773,0.999988077163103
8.540000000000001,10122,0.6158139899998787,0.9999880782134855
8.56,10138,0.6294478939998953,0.9999880795977371
8.58,10151,0.6271697709998989,0.9999880810618009
8.6,10167,0.6286522859991237,0.9999880800000833
8.620000000000001,10188,0.6259756580002431,0.9999880812871856
8.64,10202,0.6364244659998803,0.9999880795329346
8.66,10220,0.6215188129990565,0.9999880806430377
8.68,10234,0.6503930109993235,0.9999880809849178
8.700000000000001,10243,0.6419136229997093,0.9999880798838402
8.72,10258,0.6635467460000655,0.9999880803009091
8.74,10279,0.6881021999997756,0.9999880812694735
8.76,10290,0.8404785720013024,0.9999880816767117
8.78,10313,0.6349597509997693,0.9999880825504235
8.8,10328,0.6317635100003827,0.9999880816376115
8.82,10335,0.6315914080005314,0.9999880808411323
8.84,10343,0.6318534110014298,0.9999880807332366
8.86,10366,0.6581993910003803,0.9999880807055428
8.88,10381,0.6497596009994595,0.9999880801666028
8.9,10400,0.6674214880004001,0.9999880805151864
8.92,10427,0.667979195000953,0.999988081163466
8.94,10445,0.6852728779995232,0.9999880811430988
8.96,10460,0.8337481549988297,0.9999880826511691
8.98,10477,0.6432363309995708,0.9999880813150152
9.0,10484,0.6662455759997101,0.9999880821007119
9.02,10504,0.6538861190001626,0.999988082475574
9.040000000000001,10522,0.6514025690012204,0.9999880823021008
9.06,10545,0.6499205529999017,0.9999880805946476
9.08,10561,0.650024555001437,0.9999880809129706
9.1,10578,0.6748675170001661,0.9999880805253514
9.120000000000001,10585,0.6790488610004104,0.999988079532341
9.14,10605,0.6478424320011982,0.9999880806692754
9.16,10611,0.6512322679991485,0.999988079891348
9.18,10637,0.6782696530008252,0.9999880800346397
9.200000000000001,10651,0.6637357999989035,0.9999880797138203
9.22,10656,0.6595575560004363,0.9999880812079004
9.24,10673,0.6720011870002054,0.999988081727618
9.26,10686,0.6552766250006243,0.9999880826946206
9.28,10696,0.6685078840000642,0.9999880813803212
9.3,10723,0.657466275999468,0.9999880798875995
9.32,10742,0.6569629699988582,0.9999880805881383
9.34,10756,0.6965880610005115,0.9999880821622719
9.36,10767,0.8546119160000671,0.9999880821815851
9.38,10792,0.7083531770003901,0.9999880821248748
9.4,10805,0.9558585150007275,0.9999880822598766
9.42,10811,0.6984374799994839,0.9999880811746206
9.44,10819,0.6686202859982586,0.9999880825180476
9.46,10829,0.6636065369984863,0.9999880813518817
9.48,10846,0.6633655050009111,0.9999880804215143
9.5,10859,0.6637524540001323,0.9999880798183308
9.52,10877,0.6812215339996328,0.9999880804059423
9.540000000000001,10896,0.68660939000074,0.9999880795517372
9.56,10902,0.72540829099853,0.9999880803023601
9.58,10927,0.8882769730007567,0.9999880801615963
9.6,10950,0.6729181489990879,0.9999880797271529
9.620000000000001,10965,0.673270852999849,0.9999880777363355
9.64,10992,0.6708115270012058,0.9999880793003225
9.66,10998,0.6864890889992239,0.9999880803675509
9.68,11013,0.6970507980004186,0.9999880801483106
9.700000000000001,11024,0.7213011479998386,0.9999880779057251
9.72,11038,0.9266583010012255,0.9999880779543977
9.74,11060,0.7225728749999689,0.9999880788969708
9.76,11066,0.7070197119992372,0.9999880896433462
9.78,11078,0.7060519019996718,0.9999880909101964
9.8,11103,0.7275047270013602,0.9999880894676544
9.82,11119,0.957076133998271,0.9999880885972983
9.84,11126,0.6809064389999548,0.9999880893457327
9.86,11137,0.6813741429996298,0.9999880888787869
9.88,11151,0.6891593239997746,0.99998808832533
9.9,11175,0.6925710610012175,0.9999880875003265
9.92,11194,0.6885111009996763,0.9999880879437213
9.94,11216,0.6897752869990654,0.9999880887401781
9.96,11228,0.6893445829991833,0.9999880880706715
9.98,11249,0.6896305860009306,0.9999880885699027
10.0,8958,2.517433166000046,0.9999880888513709
10.02,8956,0.751963626998986,0.9999880904187795
10.040000000000001,8956,0.4578569039986178,0.9999880891249768
10.06,8950,0.45514797600117163,0.9999880886603429
10.08,8951,0.4808603410001524,0.9999880892758988
10.1,8948,0.46950312399894756,0.999988090688072
10.120000000000001,8951,0.492417456000112,0.9999880908474358
10.14,8947,0.49380647399993904,0.9999880898597212
10.16,8951,0.4806628520000231,0.9999880890729971
10.18,8954,0.4847025899998698,0.999988087248051
10.200000000000001,8952,0.48388978199909616,0.9999880875755988
10.22,8953,0.4761412109983212,0.9999880877169096
10.24,8950,0.4647579050015338,0.9999880880125198
10.26,8957,0.4566406300000381,0.9999880881402589
10.28,8960,0.46009316200070316,0.999988087162564
10.3,8972,0.4476970479990996,0.9999880862963301
10.32,8971,0.48664950800048246,0.9999880839656188
10.34,8982,0.4730643830007466,0.9999880833630611
10.36,8989,0.48775351800031785,0.9999880813507159
10.38,8999,0.47379598899897246,0.9999880818633972
10.4,9007,0.4737945889992261,0.9999880808767794
10.42,9020,0.4924938629992539,0.9999880814580185
10.44,9035,0.4633706919994438,0.9999880813512575
10.46,9038,0.4729787790001865,0.9999880810789646
10.48,9042,0.5009968209997169,0.9999880813914739
10.5,9044,0.47831218000101217,0.9999880808341479
10.52,9050,0.47127350499977183,0.999988080997328
10.540000000000001,9059,0.4857662589984102,0.9999880806985537
10.56,9068,0.46690625900009763,0.9999880809053621
10.58,9082,0.4630171179996978,0.9999880801408721
10.6,9104,0.48670206899987534,0.999988081460925
10.620000000000001,9133,0.5018948300003103,0.9999880805918744
10.64,9152,0.4991461010013154,0.999988082071711
10.66,9180,0.5195205180007179,0.9999880825763456
10.68,9195,0.5158445780016336,0.9999880830003489
10.700000000000001,9212,0.5241761670004053,0.999988082107659
10.72,9238,0.5299871290008014,0.999988081601886
10.74,9257,0.5420029560009425,0.9999880824441088
10.76,9271,0.5478867189995071,0.9999880816696872
10.78,9297,0.534697295001024,0.9999880811107705
10.8,9315,0.5359524119994603,0.9999880812145417
10.82,9326,0.5471454309990804,0.9999880805199903
10.84,9344,0.5477239380015817,0.9999880796200926
10.86,9367,0.5302355509993504,0.999988079450655
10.88,9386,0.5569256360013242,0.9999880806493573
10.9,9401,0.5359925129996554,0.9999880816500017
10.92,9424,0.5499109609991137,0.9999880826415295
10.94,9448,0.5396181509986491,0.9999880827363938
10.96,9473,0.5339808910011925,0.9999880828541968
10.98,9492,0.5641876129993761,0.9999880834062246
11.0,9512,0.582739010998921,0.999988083807136
11.02,9538,0.5769424489990342,0.9999880833166434
11.040000000000001,9561,0.554837714000314,0.9999880807312056
11.06,9587,0.5352251589993102,0.9999880801664385
11.08,9603,0.5269436070011579,0.999988081019906
11.1,9638,0.5360906000005343,0.9999880816148757
11.120000000000001,9658,0.5438392799987923,0.9999880815554635
11.14,9685,0.5507248499998241,0.9999880833464899
11.16,9701,0.591832471998714,0.9999880819848597
11.18,9717,0.541953760000979,0.9999880830903478
11.200000000000001,9732,0.5406356469993625,0.9999880806080965
11.22,9752,0.5896074499996757,0.9999880799156219
11.24,9780,0.6009911659984937,0.9999880785889487
11.26,9804,0.6061298179993173,0.9999880781605557
11.28,9820,0.5983963390008284,0.9999880779506549
11.3,9844,0.6181807419998222,0.9999880774661417
11.32,9873,0.6426953930003947,0.9999880778423711
11.34,9892,0.6757964929984155,0.9999880771877844
11.36,9919,0.9262065700004314,0.9999880784843225
11.38,9940,0.8665068659993267,0.9999880776874428
11.4,9959,0.7981112029992801,0.9999880782598121
11.42,9975,0.6047174939994875,0.9999880781602903
11.44,9992,0.5987799539998377,0.9999880808302853
11.46,10013,0.6239663239994115,0.9999880814127746
11.48,10038,0.6353058000004239,0.9999880808557168
11.5,10060,0.6409190389986179,0.9999880814548346
11.52,10077,0.6446541640016221,0.9999880822532266
11.540000000000001,10108,0.6484412900008465,0.9999880819910085
11.56,10136,0.6403234350000275,0.9999880811371192
11.58,10156,0.6498069979988941,0.9999880808746188
11.6,10176,0.6453886340004829,0.999988080067685
11.620000000000001,10190,0.6510354970014305,0.9999880801830993
11.64,10208,0.6729625429998123,0.9999880790251788
11.66,10242,0.9028085200006899,0.9999880804924701
11.68,10261,0.6762533800010715,0.9999880802954947
11.700000000000001,10275,0.8561309959986829,0.9999880813452808
11.72,10298,0.67266994000056,0.999988082028205
11.74,10318,0.6359773279982619,0.9999880835279853
11.76,10331,0.6372724430002563,0.9999880840598547
11.78,10350,0.636900739000339,0.9999880843199377
11.8,10369,0.6282609629997751,0.9999880848889178
11.82,10392,0.6521660600010364,0.9999880846958851
11.84,10416,0.6733436860013171,0.9999880847669064
11.86,10441,0.6635162820002733,0.9999723929543349
11.88,10462,0.6625117710009363,0.9999723928555301
11.9,10475,0.6722762749996036,0.9999723934789628
11.92,10502,0.8433743010009493,0.9999723937426654
11.94,10521,0.9593976390005992,0.9999723923812216
11.96,10543,0.6708550590010418,0.9999723943447203
11.98,10566,0.6801047580011073,0.99997239534463
12.0,10590,0.65396747900013,0.9999723937569442
12.02,10619,0.8959533570014173,0.9999723950388876
12.040000000000001,10646,0.6490271689999645,0.9999723954046227
12.06,10671,0.6802349420013343,0.9999723957376446
12.08,10689,0.6986045020003075,0.9999723963408267
12.1,10709,0.8329537749996234,0.9999723969756272
12.120000000000001,10729,0.6601544659988576,0.9999723975294971
12.14,10751,0.6572738409995509,0.9999723963899996
12.16,10785,0.6791940319999412,0.9999723962491772
12.18,10811,0.6950628720005625,0.9999723963478817
12.200000000000001,10837,0.6643429030009429,0.9999723965230467
12.22,10866,0.6674137299996801,0.9999723971659766
12.24,10893,0.6608013949989981,0.9999723967121514
12.26,10920,0.6749819420001586,0.9999723979658708
12.280000000000001,10938,0.6844864369995776,0.9999723979373024
12.3,10959,0.7117861139995512,0.9999723967786622
12.32,10990,0.9784499170000345,0.9999723974932644
12.34,11011,0.9920336550003412,0.9999723979065105
12.36,11028,0.7280806800008577,0.9999723978449799
12.38,11050,0.9250375749998057,0.9999723995121411
12.4,11074,0.6856070489993726,0.9999723988525767
12.42,11085,0.6868787620005605,0.9999723991900574
12.44,11110,0.6908881019990076,0.9999723985953484
12.46,11141,0.6912066040003992,0.9999723977922046
12.48,11162,0.7190878050005267,0.9999723962759655
12.5,11180,0.7224051379998855,0.9999723966310925
12.52,11202,0.7241300570003659,0.9999723950142123
12.540000000000001,11230,0.9661954490002245,0.999972393084881
12.56,11260,0.7168532819996472,0.9999723918496344
12.58,11286,0.821208655999726,0.9999723914510267
12.6,11304,0.9561958459999005,0.9999723933976803
12.620000000000001,11333,0.7005079139998998,0.9999723927752315
12.64,11357,0.7016915260010137,0.999972393852876
12.66,11386,0.7041944220000005,0.9999723945944057
12.68,11421,0.69416488600109,0.9999723957102267
12.700000000000001,11444,0.7317619709992869,0.9999723950486774
12.72,11461,0.8814200979995803,0.9999723953026508
12.74,11474,0.9745965490001254,0.9999723939167403
12.76,11498,0.7359892130007211,0.9999723951861121
12.780000000000001,11522,0.7374331279988837,0.9999723952348217
12.8,11543,0.7886031510006433,0.9999723925635284
12.82,11570,0.8064405330005684,0.9999723933319764
12.84,11597,1.0320482360002643,0.9999723935324258
12.86,11619,0.954672648000269,0.9999723929732974
12.88,11644,0.7602352159992734,0.9999723907579494
12.9,11661,0.7575772910004162,0.999972390871046
12.92,11679,0.7951456569990114,0.9999723901373869
12.94,11703,0.7857866649992502,0.9999723899287399
12.96,11718,0.7745299559992418,0.9999723917342945
12.98,11742,0.7927963339989219,0.9999723924258531
13.0,11758,0.7736140470005921,0.9999723908670386
13.02,11784,0.7720284309998533,0.9999723913510903
13.040000000000001,11805,0.8120663210011116,0.9999723909718707
13.06,11829,0.815178337999896,0.9999723905408856
13.08,11847,1.084424290998868,0.9999723888510624
13.1,11872,0.9938751730005606,0.9999723875826962
13.120000000000001,11891,0.8259328709991678,0.9999723866419545
13.14,11914,0.9800908330016682,0.9999723873517481
13.16,11932,0.8144181549996574,0.9999723871812711
13.18,11962,0.8057592660006776,0.9999723858333684
13.200000000000001,11979,0.8056452660002833,0.9999723853032281
13.22,12000,0.853066146000856,0.999972384881443
13.24,12028,1.1191831679989264,0.9999723838164889
13.26,12055,1.0102402069987875,0.9999723827734107
13.280000000000001,12075,1.0203601109988085,0.9999723831699421
13.3,12095,0.8704479669995635,0.999972383500177
13.32,12105,1.0914293429996178,0.9999723842930079
13.34,12123,0.8272522219995153,0.9999723845797521
13.36,12145,0.8205336530008935,0.9999723821524489
13.38,12160,0.822063868999976,0.9999723811532941
13.4,12173,0.8569348310011264,0.9999723828002303
13.42,12193,1.0849570379996294,0.9999723845616224
13.44,12215,0.8713159250000899,0.9999723848489981
13.46,12236,1.1459213699999964,0.9999723847682926
13.48,12254,1.1444883550011582,0.9999723849873811
13.5,12272,1.2102740360005555,0.9999723853529777
13.52,12286,1.1303176080000412,0.9999723868097613
13.540000000000001,12307,1.201494744998854,0.9999723872309706
13.56,12337,1.1768395050003164,0.9999723865545658
13.58,12369,1.2169562230010342,0.9999723867748034
13.6,12387,1.1224522440006695,0.9999723883538739
13.620000000000001,12420,0.8614059350002208,0.9999723890890567
13.64,12437,0.9232025759993121,0.9999723901085249
13.66,12460,0.8946736809994036,0.999972388661533
13.68,12473,0.9097293359991454,0.9999723895577803
13.700000000000001,12491,0.9057324949990289,0.9999723912677221
13.72,12508,1.2092161939999642,0.9999723925676038
13.74,12527,1.1605576319998363,0.9999723934614979
13.76,12539,0.9538959999990766,0.9999723942183495
13.780000000000001,12554,1.058840933999818,0.9999723939136321
13.8,12572,0.9113205409994407,0.9999723927817166
13.82,12590,0.9331482769994182,0.9999723913482484
13.84,12609,0.9146861770004762,0.9999723912447237
13.86,12626,0.9317484619987226,0.9999723924120183
13.88,12643,1.2188853139996354,0.9999723936177916
13.9,12667,1.113173547999395,0.9999723941828828
13.92,12684,0.9506769990002795,0.9999723940103129
13.94,12701,0.9734768729995267,0.9999723950798174
13.96,12721,0.9773875190003309,0.9999723954142323
13.98,12744,1.2318632700007583,0.999972395593409
14.0,12761,1.1191560190000018,0.9999723950874067
14.02,12779,1.2030223559995648,0.9999723962093425
14.040000000000001,12790,0.9931510290007282,0.9999723965074457
14.06,12813,1.128968729000917,0.9999723957804088
14.08,12834,0.9840271159991971,0.9999723958245441
14.1,12846,1.072713625000688,0.9999723951911478
14.120000000000001,12874,1.0691872810002678,0.9999723957679886
14.14,12891,1.2977486350009713,0.999972396135099
14.16,12920,1.1456853149993549,0.9999723957477373
14.18,12937,0.9515566059999401,0.9999723959063905
14.200000000000001,12964,0.983868806000828,0.999972396324831
14.22,12988,1.021147868999833,0.9999723945517811
14.24,12994,1.2671636220002256,0.9999723963427415
14.26,13021,1.1643778460002068,0.9999723972992022
14.280000000000001,13048,1.174003965999873,0.999972398491469
14.3,13056,1.1430831310008216,0.9999723960166771
14.32,13069,1.2102677120001317,0.9999723944941676
14.34,13086,1.1953452479992848,0.9999723948185641
14.36,13110,1.329401422999581,0.9999723941282236
14.38,13117,1.184069423999972,0.9999723939940188
14.4,13134,1.3046368499999517,0.999972392493693
14.42,13168,0.9809047520011518,0.9999723912262528
14.44,13188,0.9843863120004244,0.9999723913974222
14.46,13201,1.0037342159994296,0.9999723925458062
14.48,13229,1.0575259850011207,0.9999723918965627
14.5,13242,1.24684158799937,0.9999723923546633
14.52,13255,1.3088905439999508,0.9999723939455849
14.540000000000001,13283,1.2955199030002404,0.9999723932114565
14.56,13306,0.9871614410003531,0.9999723941206196
14.58,13318,1.0019347439992998,0.9999723940152864
14.6,13337,1.2290918510007032,0.9999723935045145
14.620000000000001,13366,1.0346057859987923,0.9999723927557354
14.64,13387,1.0240714909996314,0.9999723928205532
14.66,13405,1.059755614000096,0.9999723924998987
14.68,13423,1.281420724999407,0.9999723932739328
14.700000000000001,13445,1.270321324998804,0.9999723926423724
14.72,13462,1.0588460670005588,0.999972392224415
14.74,13473,1.0382972090010298,0.9999723919622501
14.76,13484,1.3650279159992351,0.9999723930520175
14.780000000000001,13507,1.266564819999985,0.9999723931811494
14.8,13525,1.314358502999312,0.9999723935285254
14.82,13551,1.086106792999999,0.9999723932287461
14.84,13561,1.2779669009996724,0.9999723936177127
14.86,13577,1.0908218229997146,0.9999723933628837
14.88,13592,1.2568028460009373,0.9999723941972788
14.9,13605,1.3609673280006973,0.9999723943841281
14.92,13615,1.3180453820004914,0.9999723940980859
14.94,13623,1.1147332719992846,0.9999723963484921
14.96,13631,1.1165243899995403,0.9999723965020708
14.98,13642,1.1204045660015254,0.9999723971702887
15.0,10897,3.758778131999861,0.9999723982301262
15.02,10892,0.8542807160010852,0.9999723985474079
15.040000000000001,10888,0.6752281480003148,0.9999723986431337
15.06,10886,0.6665516570010368,0.9999723995511359
15.08,10883,0.7087602980009251,0.9999723986004011
15.1,10879,0.6982444879995455,0.9999723977456181
15.120000000000001,10877,0.700307002000045,0.9999723964635603
15.14,10878,0.8824722999997903,0.9999723965890839
15.16,10874,0.6562648429990077,0.9999723954555995
15.18,10872,0.6588221680012794,0.9999723968583778
15.200000000000001,10874,0.6590125699985947,0.9999723985147861
15.22,10878,0.6721285069997975,0.9999723998266552
15.24,10879,0.6825413160004246,0.9999724008087635
15.26,10877,0.7106970099994214,0.9999724005250168
15.280000000000001,10885,0.9941707649995806,0.9999724005307324
15.3,10883,0.6944517400006589,0.9999724007133317
15.32,10888,0.7026747260006232,0.9999724013934761
15.34,10889,0.6685129899997264,0.9999724015603807
15.36,10897,0.7126944510000612,0.9999724013496116
15.38,10902,0.9279014010007813,0.9999724014796824
15.4,10905,0.6774750830008998,0.9999724016864673
15.42,10907,0.6665524700001697,0.9999724015382006
15.44,10915,0.6651529539994954,0.9999723994045534
15.46,10921,0.6790574000006018,0.9999723988874889
15.48,10923,0.6686582910006109,0.9999723982658472
15.5,10929,0.7538811820013507,0.999972396620623
15.52,10931,0.9113818290006748,0.9999723976471417
15.540000000000001,10936,0.7023556439999084,0.9999723970350495
15.56,10941,0.6868101140007639,0.999972397102402
15.58,10945,0.7011076650014729,0.9999723957077445
15.6,10950,0.6924744739990274,0.9999723981151768
15.620000000000001,10954,0.696420414999011,0.9999723996286609
15.64,10960,0.7143775040003675,0.9999723999365184
15.66,10965,0.9860020569994958,0.9999724014960953
15.68,10977,0.9674170629987202,0.9999724003601502
15.700000000000001,10987,0.6845357910005987,0.9999724016057489
15.72,11003,0.7288380560003134,0.9999724009566442
15.74,11015,0.9255959229994914,0.999972401897824
15.76,11033,0.754540136000287,0.9999724013484469
15.780000000000001,11045,0.9382002720012679,0.999972401276255
15.8,11052,0.6953745170012553,0.9999724015651441
15.82,11080,0.6982618470010493,0.9999724016147787
15.84,11103,0.6692730430004303,0.9999724008574785
15.860000000000001,11127,0.6706908569994994,0.9999724003943877
15.88,11146,0.7003457700011495,0.9999723999433807
15.9,11164,0.7281206619991281,0.9999724002754156
15.92,11171,0.7379662650000682,0.9999724009594698
15.94,11191,1.0035512599988579,0.9999724016303234
15.96,11212,1.0099596429990925,0.9999724031787267
15.98,11239,0.982989883999835,0.9999724032481816
16.0,11268,0.805916213999808,0.9999724037928963
16.02,11284,0.9715506630000164,0.9999724035295848
16.04,11307,0.7766269050007395,0.9999724033463496
16.06,11323,0.9336393630001112,0.9999724034912836
16.080000000000002,11345,0.970873157000824,0.9999724051065343
16.1,11362,1.015955433000272,0.9999724054873259
16.12,11380,1.0338089899996703,0.99997240489892
16.14,11397,0.973742146999939,0.99997240514588
16.16,11419,0.9803285139987565,0.99997240615805
16.18,11434,0.6979411299998901,0.9999724075164002
16.2,11451,0.7232205880009133,0.999972406896403
16.22,11459,0.7336061930000142,0.9999724051363064
16.240000000000002,11480,0.725421910001387,0.9999724044537182
16.26,11498,0.7243738990000566,0.9999724044356862
16.28,11514,0.7292262489991117,0.9999724054780315
16.3,11531,0.7753514119995089,0.9999724046259655
16.32,11551,1.022948866999286,0.9999724047708287
16.34,11567,0.9643969759999891,0.999972404912266
16.36,11576,0.8046241379997809,0.9999724044270866
16.38,11590,1.035595672999989,0.9999724050023974
16.4,11600,0.786435485999391,0.9999724059019224
16.42,11609,0.7860966839998582,0.9999724061021739
16.44,11638,0.8289526420012407,0.9999724073454317
16.46,11654,0.9597689379988878,0.9999724068080602
16.48,11676,0.8016105130009237,0.9999724073042173
16.5,11694,0.8142599989987502,0.9999724077388895
16.52,11717,0.8982049360001838,0.9999724075829239
16.54,11744,0.7999625459997333,0.9999724102101126
16.56,11761,0.7984106290005002,0.9999724087279008
16.580000000000002,11784,0.799651442999675,0.9999724096150425
16.6,11805,0.8220206759997382,0.999972410447968
16.62,11833,0.8193181469996489,0.9999724102202507
16.64,11863,0.8165868189989851,0.9999724109190957
16.66,11885,0.7987017319992447,0.9999724124632672
16.68,11910,0.826187287000721,0.999972412729015
16.7,11932,1.071503858000142,0.9999724111874231
16.72,11955,0.8257238559999678,0.9999724124195939
16.740000000000002,11968,0.8251091509991966,0.9999724130449539
16.76,11984,0.8387738510009513,0.9999724129935685
16.78,12000,0.8642397380008333,0.9999724130191601
16.8,12015,1.0008168389995262,0.9999724123761577
16.82,12041,0.8309591939996608,0.999972412442188
16.84,12056,0.8465736090001883,0.9999724142587303
16.86,12073,0.8412993000001734,0.9999724128633196
16.88,12086,0.9929433610013803,0.9999724134240833
16.9,12122,1.1581626200004393,0.9999724127205895
16.92,12144,1.210064015000171,0.999972412018928
16.94,12160,1.304488735000632,0.9999724119478159
16.96,12177,1.0380297060000885,0.9999724121848992
16.98,12197,0.8471329519998108,0.9999724131357632
17.0,12216,0.919136399999843,0.999972413134347
17.02,12232,1.1520087999997486,0.9999724130607026
17.04,12247,1.1412465439989319,0.9999724134603659
17.06,12258,1.1861331370000698,0.9999724135544298
17.080000000000002,12277,1.1813451350008108,0.9999724143311397
17.1,12304,1.1410305099998368,0.9999724132638851
17.12,12328,1.1945088430002215,0.9999724139623547
17.14,12347,1.1800363339989417,0.9999724146641935
17.16,12363,1.2162397760002932,0.9999724150923517
17.18,12386,1.250064977000875,0.9999724172752525
17.2,12413,1.2144191400002455,0.999972417647455
17.22,12430,1.1764672179997433,0.999972419346012
17.240000000000002,12441,1.3135687979993236,0.9999724196283046
17.26,12458,1.2514024890006112,0.9999724202010315
17.28,12472,1.207293446001131,0.9999724215495469
17.3,12487,1.0718043510005373,0.9999724203830955
17.32,12507,1.1694965560000128,0.99997242152729
17.34,12522,0.9364283449995128,0.9999724225366096
17.36,12542,1.2816859620015748,0.9999724207893985
17.38,12563,1.313996462000432,0.9999724209840652
17.400000000000002,12590,1.230919059000371,0.9999724216395444
17.42,12607,1.1376800340003683,0.9999724217452011
17.44,12624,1.1537743900007627,0.9999724213728876
17.46,12645,1.1135128349997103,0.9999724223662628
17.48,12675,1.2660247259991593,0.9999724213964272
17.5,12703,1.2691345990006084,0.9999724209875347
17.52,12721,1.2670364160003373,0.9999724205491904
17.54,12745,1.1328368689992203,0.9999724206687172
17.56,12763,1.27132976699977,0.999972420069809
17.580000000000002,12787,1.3187994480013003,0.9999724203157176
17.6,12808,1.161280866001107,0.9999724181959412
17.62,12827,1.126104352000766,0.999972420083066
17.64,12842,1.0874003160006396,0.9999724193190006
17.66,12856,1.2556693330006965,0.9999724188961385
17.68,12877,1.2135443269999087,0.9999724188486481
17.7,12892,1.1576266390002274,0.9999724189589032
17.72,12918,1.1822162190001109,0.9999724191669762
17.740000000000002,12933,1.1557765930010646,0.9999724191981616
17.76,12954,1.1892988109993894,0.999972418710793
17.78,12972,1.1740257580004254,0.9999724185739906
17.8,13006,1.236373896999794,0.9999724182784662
17.82,13032,1.2729581639996468,0.9999724173681633
17.84,13052,1.124453344998983,0.9999724177028565
17.86,13068,0.9920709239995631,0.9999724191131907
17.88,13102,1.0037520459991356,0.9999724213498179
17.900000000000002,13129,1.0134156820004137,0.999972421265778
17.92,13161,1.2189122199997655,0.99997242165649
17.94,13180,1.216551334999167,0.999972422916094
17.96,13196,1.362698058001115,0.9999724238440914
17.98,13215,1.357117745999858,0.9999724244533628
18.0,13238,1.3684688760004065,0.9999724234120125
18.02,13257,1.230245663999085,0.9999724241853167
18.04,13275,1.30800858099974,0.9999724244012127
18.06,13292,1.0047418879985344,0.99997242360161
18.080000000000002,13316,0.9751301630003582,0.9999724226552599
18.1,13327,1.08554199199898,0.9999724217429821
18.12,13340,1.3193434860004345,0.9999724228260545
18.14,13350,1.318032328001209,0.9999724229318461
18.16,13365,1.0488216760004434,0.9999724216881589
18.18,13376,1.3518300630003068,0.9999724220602889
18.2,13403,1.326582251000218,0.9999724215243453
18.22,13429,1.3440291209990392,0.999972421245948
18.240000000000002,13455,1.2761055780010793,0.9999724217694216
18.26,13472,1.0288005679994967,0.9999724235866282
18.28,13488,1.035651259999213,0.9999724238875829
18.3,13504,1.0266328399993654,0.9999724227349474
18.32,13523,1.048946638000416,0.9999724221626554
18.34,13545,1.2864793169992481,0.9999724231195253
18.36,13568,1.3352280170001904,0.9999724232082288
18.38,13586,1.3422801609995076,0.9999724249475181
18.400000000000002,13603,1.3711161539995373,0.9999724253704985
18.42,13628,1.311421333000908,0.9999724268024678
18.44,13646,1.0953380359987932,0.999972426290902
18.46,13661,1.2575361109993537,0.9999724259260006
18.48,13677,1.3353323480005201,0.9999724265712775
18.5,13703,1.3430133959991508,0.9999724259769073
18.52,13726,1.1444803190006496,0.9999724264285779
18.54,13744,1.3434547999986535,0.9999724268611094
18.56,13776,1.0867046729999856,0.9999724261460964
18.580000000000002,13794,1.0618155379997916,0.999972426882187
18.6,13816,1.118176615998891,0.9999724262459393
18.62,13840,1.277162454000063,0.9999724257590843
18.64,13863,1.118772589999935,0.9999724256142993
18.66,13886,1.117590152000048,0.9999724229298073
18.68,13896,1.1232680979992438,0.9999724243606884
18.7,13912,1.3862894750000123,0.9999724247770995
18.72,13932,1.3127534670002206,0.9999724260354959
18.740000000000002,13955,1.3501242390011612,0.999972426446351
18.76,13976,1.3739682220002578,0.9999724261781826
18.78,13994,1.2991395339995506,0.9999724258568738
18.8,14018,1.1226685080000607,0.9999724254006902
18.82,14043,1.0999197799992544,0.9999724265704507
18.84,14057,1.1410863760011125,0.999972427843978
18.86,14076,1.4074274729991885,0.9999724278775108
18.88,14086,1.3876405829996656,0.9999724281684006
18.900000000000002,14109,1.4499090890003572,0.9999724263162066
18.92,14116,1.4742189060016244,0.9999724270251136
18.94,14141,1.4131271109999943,0.9999724268449365
18.96,14168,1.4353172610008187,0.9999724262083544
18.98,14186,1.3438376729991433,0.9999724248096107
19.0,14213,1.2779762299996946,0.9999724238797294
19.02,14229,1.467196610999963,0.9999724253054625
19.04,14246,1.5791582279998693,0.9999724264327625
19.06,14261,1.4230433880002238,0.9999724260280353
19.080000000000002,14269,1.513394347999565,0.999972426906461
19.1,14284,1.483581990998573,0.9999724276661326
19.12,14310,1.5238089920003404,0.9999724289529743
19.14,14319,1.5141823600006319,0.9999724294577287
19.16,14338,1.480348151000726,0.999972431347322
19.18,14352,1.5524363830008951,0.9999724315941996
19.2,14368,1.5091615530000126,0.9999724562925918
19.22,14382,1.4706875660012884,0.9999724548649633
19.240000000000002,14405,1.5289499440004874,0.9999724542275139
19.26,14425,1.5098127199998999,0.999972454464243
19.28,14443,1.4663148370000272,0.9999724548944132
19.3,14467,1.5088190110000141,0.9999724552346188
19.32,14491,1.4725131069990312,0.9999724561706637
19.34,14499,1.23019698600001,0.9999724573332556
19.36,14519,1.5697080589998222,0.9999724583615266
19.38,14546,1.4598176170002262,0.9999724577819227
19.400000000000002,14568,1.542075298999407,0.9999724562578647
19.42,14590,1.5081609480002953,0.9999724560187945
19.44,14607,1.4740206039987243,0.9999724558390681
19.46,14625,1.503720646000147,0.999972454911076
19.48,14640,1.56859277500007,0.9999724553592253
19.5,14662,1.5291382529994735,0.9999724551447879
19.52,14682,1.4398934729997563,0.9999724555194256
19.54,14695,1.5469611909993546,0.9999724550307564
19.56,14710,1.4315271989999019,0.9999724554522607
19.580000000000002,14727,1.5864378599999327,0.9999724560197847
19.6,14740,1.4511098340008175,0.999972456430409
19.62,14759,1.5673307239994756,0.999972457515919
19.64,14780,1.4670779589996528,0.9999724578829401
19.66,14797,1.5323876470010873,0.9999724564089045
19.68,14816,1.5798924010014161,0.9999724551148432
19.7,14832,1.6214166120007576,0.9999724555621202
19.72,14846,1.515322847000789,0.999972457952597
19.740000000000002,14866,1.460214997001458,0.9999724575653537
19.76,14876,1.6477399180002976,0.9999724573006689
19.78,14913,1.5800190959998872,0.9999724565310287
19.8,14934,1.4862278360014898,0.9999724568054211
19.82,14955,1.5470954949996667,0.9999724573928063
19.84,14969,1.461121476999324,0.9999724576903052
19.86,14992,1.5594122469992726,0.9999724571319066
19.88,15009,1.522688223998557,0.9999724567816938
19.900000000000002,15039,1.4798202459987806,0.9999724567586765
19.92,15062,1.514281948999269,0.9999724571831841
19.94,15077,1.4716281540004275,0.9999724587053425
19.96,15095,1.3678675230003137,0.9999724575480439
19.98,15112,1.5110567250012537,0.9999724569487635
20.0,12051,4.991648467001141,0.9999724554688788
